sample,native,designed,seq,expr,yield,log(kcat),kcat,err1/kcat,err1,log(km),km,err2/km,err2,linear_slope,std_err/slope,std_err,R,ki,err6,note,kcat/km,wt eff/eff,
s14a,s,a,14,1,0.601,2.505794,320.4748,0.035419,11.35092,-2.08329,0.008255,0.123078,0.001016,NA,NA,NA,NA,NA,NA,,38822.97,4.426349,
s16a,s,a,16,1,0.828,2.187646,154.0444,0.009363,1.442363,-1.85361,0.014008,0.028643,0.000401,NA,NA,NA,NA,NA,NA,,10996.55,15.62708,
e17s,e,s,17,1,1.006,2.806986,641.1883,0.014545,9.326053,-2.1355,0.00732,0.05187,0.00038,NA,NA,NA,NA,NA,NA,,87596.26,1.961773,
s17a,s,a,17,1,0.654,2.928625,848.447,0.08913,75.62225,-1.73392,0.018454,0.201618,0.003721,NA,NA,NA,NA,NA,NA,,45977.53,3.737564,
y18a,y,a,18,1,0.172,2.293455,196.5418,0.047478,9.33138,-1.50104,0.031547,0.114563,0.003614,NA,NA,NA,NA,NA,NA,"kcat OK, km is bad",6230.135,27.58271,
q19s,q,s,19,1,0.431,,NA,NA,NA,,NA,NA,,5.444055,0.05093,0.277266,0.972633,NA,NA,,,,
q19a,q,a,19,1,0.257,,NA,NA,NA,,NA,NA,,3.294158,0.067801,0.223347,0.954967,NA,NA,could go either way (linear or mm),,,#ERROR!
q19c,q,c,19,1,0.404,,NA,NA,NA,,NA,NA,1.11E+12,8.170925,0.086932,0.710315,0.928997,NA,NA,,,,
w34a,w,a,34,0,ND,,ND,,ND,,ND,,ND,ND,,ND,ND,ND,ND,,,,
v52g,v,g,52,1,0.967,2.837269,687.4945,0.018927,13.01198,-2.08374,0.008246,0.065784,0.000542,NA,NA,NA,NA,NA,NA,,83370.7,2.061204,
f75a,f,a,75,1,0.437,2.787705,613.3457,0.013665,8.381268,-2.26238,0.005465,0.051692,0.000283,NA,NA,NA,NA,NA,NA,,112223.6,1.531264,
r76a,r,a,76,1,0.103,0.41573,2.604533,0.06123,0.159476,-1.86859,0.013534,0.188991,0.002558,NA,NA,NA,NA,NA,NA,,192.4499,892.9285,
i91e,i,e,91,1,0.487,2.927442,846.1388,0.041349,34.98686,-2.17317,0.006712,0.117582,0.000789,NA,NA,NA,NA,NA,NA,,126071.2,1.363071,
h101r,h,r,101,1,1.027,3.024943,1059.115,0.015286,16.18974,-1.97379,0.010622,0.050127,0.000532,NA,NA,NA,NA,NA,NA,,99708.1,1.723471,
h119n,h,n,119,1,1.023,0.278059,1.896963,0.035639,0.067606,-1.63422,0.023216,0.094594,0.002196,NA,NA,NA,NA,NA,NA,"kcat OK, km is bad",81.71009,2103.094,
h119a,h,a,119,1,1.213,2.15605,143.2352,0.074134,10.61863,-1.8209,0.015104,0.222289,0.003358,NA,NA,NA,NA,NA,NA,,9483.026,18.12122,
h119e,h,e,119,1,0.249,,NA,NA,NA,,NA,NA,,2.699459,0.02856,0.077096,0.991544,NA,NA,,,,
w120h,w,h,120,1,1,1.924668,84.07526,0.028596,2.404236,-1.04975,0.089177,0.048318,0.004309,NA,NA,NA,NA,NA,NA,,942.7952,182.2708,
w120f,w,f,120,1,0.777,2.673733,471.7729,0.043589,20.56405,-1.79364,0.016083,0.128502,0.002067,NA,NA,NA,NA,NA,NA,,29333.83,5.858219,
w120a,w,a,120,0,ND,,ND,,ND,,ND,,ND,ND,,ND,ND,ND,ND,,,,
v147s,v,s,147,1,0.232,0.658799,4.558258,0.026338,0.120055,-2.19026,0.006453,0.095653,0.000617,NA,NA,NA,NA,NA,NA,,706.4057,243.2653,
e154d,e,d,154,1,1.42,2.943533,878.0776,0.053185,46.70018,-2.46131,0.003457,0.21872,0.000756,NA,NA,NA,NA,NA,NA,,254004.2,0.67654,
n163c,n,c,163,1,1.1,1.412302,25.84054,0.015583,0.402671,-2.26582,0.005422,0.059038,0.00032,NA,NA,NA,NA,NA,NA,,4765.654,36.05885,
n163a,n,a,163,1,0.737,0.823628,6.662352,0.023854,0.158925,-1.9228,0.011945,0.076009,0.000908,NA,NA,NA,NA,NA,NA,,557.7349,308.1106,
n163d,n,d,163,1,1.194,1.078569,11.9831,0.0311,0.372671,-1.81836,0.015193,0.093107,0.001415,NA,NA,NA,NA,NA,NA,,788.732,217.8738,
e164a,e,a,164,1,0.42,-0.71827,0.191305,0.036126,0.006911,-2.99776,0.001005,0.168813,0.00017,NA,NA,NA,NA,NA,NA,,190.323,902.9073,
y166p,y,p,166,1,0.176,1.423503,26.51567,0.045029,1.193986,-2.60162,0.002503,0.181495,0.000454,NA,NA,NA,NA,0.094951,0.010176,,10595.57,16.21848,
c167q,c,q,167,1,0.938,2.702148,503.6722,0.010999,5.540034,-2.30821,0.004918,0.038992,0.000192,NA,NA,NA,NA,NA,NA,,102414.6,1.677925,
c167a,c,a,167,1,0.579,2.680284,478.9433,0.030019,14.37735,-1.8367,0.014565,0.086992,0.001267,NA,NA,NA,NA,NA,NA,,32883.72,5.225807,
l171a,l,a,171,1,0.376,2.906759,806.7871,0.011545,9.31431,-1.95489,0.011095,0.037463,0.000416,NA,NA,NA,NA,NA,NA,,72719.22,2.363117,
l171r,l,r,171,1,1.065,2.605814,403.4722,0.016648,6.716998,-2.4739,0.003358,0.068811,0.000231,NA,NA,NA,NA,NA,NA,,120146.3,1.43029,
t175r,t,r,175,1,0.86,2.903776,801.2638,0.0103,8.253326,-2.44459,0.003593,0.042082,0.000151,NA,NA,NA,NA,NA,NA,,223032.9,0.770487,
e177a,e,a,177,1,0.96,2.993958,986.184,0.010104,9.964381,-2.22301,0.005984,0.037549,0.000225,NA,NA,NA,NA,NA,NA,,164804,1.042717,
e177k,e,k,177,1,0.953,2.744245,554.9387,0.013113,7.277037,-2.20811,0.006193,0.0484,0.0003,NA,NA,NA,NA,NA,NA,,89609.21,1.917705,
e177l,e,l,177,1,0.765,2.82578,669.5459,0.015018,10.05508,-2.12594,0.007483,0.048646,0.000364,NA,NA,NA,NA,NA,NA,,89478.27,1.920511,
h178a,h,a,178,1,0.251,2.052161,112.7616,0.029522,3.328991,-2.11507,0.007672,0.09509,0.00073,NA,NA,NA,NA,NA,NA,,14696.96,11.69248,
a192s,a,s,192,1,1.168,2.97582,945.8447,0.010285,9.727619,-2.29334,0.005089,0.036202,0.000184,NA,NA,NA,NA,NA,NA,,185847.7,0.92465,
t218a,t,a,218,1,0.977,2.666855,464.3599,0.039783,18.47376,-2.18611,0.006515,0.144287,0.00094,NA,NA,NA,NA,NA,NA,,71279.61,2.410844,
l219a,l,a,219,1,0.473,2.298248,198.7231,0.023713,4.712331,-2.10421,0.007867,0.075947,0.000597,NA,NA,NA,NA,NA,NA,,25261.56,6.802589,
n220h,n,h,220,1,1.118,2.088533,122.6119,0.010914,1.338147,-2.2894,0.005136,0.041781,0.000215,NA,NA,NA,NA,NA,NA,,23874.37,7.197844,
n220a,n,a,220,1,0.615,2.607375,404.925,0.020163,8.164494,-1.9884,0.010271,0.066653,0.000685,NA,NA,NA,NA,0.149863,0.017562,,39425.3,4.358724,
m221a,m,a,221,1,0.73,2.738059,547.09,0.028265,15.46373,-2.20422,0.006249,0.095274,0.000595,NA,NA,NA,NA,NA,NA,,87554.16,1.962717,
e222q,e,q,222,1,1.3,2.824539,667.6345,0.016881,11.27013,-1.91522,0.012156,0.053553,0.000651,NA,NA,NA,NA,NA,NA,,54923.38,3.128795,
e222h,e,h,222,1,0.7,2.203341,159.7132,0.019662,3.140328,-2.06839,0.008543,0.061786,0.000528,NA,NA,NA,NA,NA,NA,,18695.38,9.191788,
e222k,e,k,222,1,0.5,2.033417,107.9984,0.029134,3.146458,-2.14136,0.007222,0.104192,0.000752,NA,NA,NA,NA,NA,NA,,14954.53,11.4911,
e222r,e,r,222,1,0.151,1.62653,42.31852,0.044262,1.873085,-2.60641,0.002475,0.178743,0.000442,NA,NA,NA,NA,NA,NA,,17097.69,10.05071,
e222a,e,a,222,1,0.29,1.953658,89.87901,0.047451,4.264838,-3.20351,0.000626,0.247081,0.000155,NA,NA,NA,NA,0.095241,0.013695,,143604.4,1.196649,
e222y,e,y,222,1,0.7,1.069186,11.72697,0.065834,0.772031,-1.73443,0.018432,0.170427,0.003141,NA,NA,NA,NA,NA,NA,,636.2271,270.0985,
m223g,m,g,223,1,0.881,2.186598,153.6731,0.059211,9.099146,-1.71638,0.019214,0.151595,0.002913,NA,NA,NA,NA,NA,NA,,7997.931,21.48606,
r240d,r,d,240,1,0.8,2.450665,282.2702,0.013425,3.789486,-1.96585,0.010818,0.043831,0.000474,NA,NA,NA,NA,NA,NA,,26092.63,6.585921,
r240a,r,a,240,1,1.108,4.04181,11010.58,0.023467,258.3865,-1.71082,0.019461,0.059875,0.001165,NA,NA,NA,NA,NA,NA,,565763.4,0.303738,
r240k,r,k,240,1,1.4,2.953428,898.3128,0.065346,58.70075,-1.75269,0.017673,0.187686,0.003317,NA,NA,NA,NA,NA,NA,"kcat OK, km is bad",50829.38,3.380801,
i244n,i,n,244,1,0.207,2.433672,271.4388,0.013581,3.686279,-2.66731,0.002151,0.06027,0.00013,NA,NA,NA,NA,NA,NA,,126176.1,1.361938,
i244e,i,e,244,1,0.6,2.696039,496.6372,0.046753,23.21944,-2.22375,0.005974,0.173802,0.001038,NA,NA,NA,NA,NA,NA,,83136.54,2.067009,
m261e,m,e,261,1,0.107,1.789819,61.63383,0.080529,4.963316,-1.9948,0.010121,0.267154,0.002704,NA,NA,NA,NA,NA,NA,high km err but OK,6089.975,28.21752,
q284r,q,r,284,1,0.516,2.567938,369.7751,0.041561,15.36823,-2.01392,0.009684,0.139299,0.001349,NA,NA,NA,NA,NA,NA,,38182.22,4.500628,
n293a,n,a,293,1,0.682,1.103933,12.70379,0.014911,0.189422,-2.0144,0.009674,0.045499,0.00044,NA,NA,NA,NA,NA,NA,,1313.209,130.8581,
y294a,y,a,294,1,0.591,2.218931,165.5505,0.009654,1.598261,-2.30299,0.004977,0.034139,0.00017,NA,NA,NA,NA,NA,NA,,33260.08,5.166674,
y294f,y,f,294,1,0.733,2.866223,734.8906,0.014572,10.70884,-2.2228,0.005987,0.054148,0.000324,NA,NA,NA,NA,NA,NA,,122750.8,1.399942,
y295a,y,a,295,1,0.69,,NA,NA,NA,,NA,NA,0.004953,,,,,NA,NA,,,,
y295g,y,g,295,1,0.77,,NA,NA,NA,,NA,NA,2.22E-05,,,,,NA,NA,,,,
t296a,t,a,296,1,0.39,2.039077,109.415,0.021447,2.346637,-1.95672,0.011048,0.069666,0.00077,NA,NA,NA,NA,NA,NA,,9903.8,17.35132,
s298e,s,e,298,1,1.1,2.908038,809.1675,0.002305,1.864821,-2.2774,0.00528,0.008776,4.63E-05,NA,NA,NA,NA,NA,NA,,153264,1.121229,
i300n,i,n,300,1,1.513,2.840969,693.3759,0.018371,12.738,-2.34861,0.004481,0.072146,0.000323,NA,NA,NA,NA,NA,NA,,154732.1,1.110591,
q313r,q,r,313,1,1.442,2.838379,689.253,0.034723,23.9328,-2.44576,0.003583,0.141933,0.000509,NA,NA,NA,NA,NA,NA,,192372.6,0.893287,
h315n,h,n,315,0,ND,,ND,,ND,,ND,,ND,ND,,ND,ND,ND,ND,,,,
m323a,m,a,323,1,0.348,2.618647,415.5724,0.025461,10.58107,-2.02949,0.009344,0.086049,0.000804,NA,NA,NA,NA,NA,NA,,44476.76,3.863681,
m323k,m,k,323,0,ND,,ND,,ND,,ND,,ND,ND,,ND,ND,ND,ND,,,,
w325l,w,l,325,1,0.84,2.035451,108.5053,0.016985,1.842954,-2.24121,0.005738,0.061048,0.00035,NA,NA,NA,NA,NA,NA,,18908.71,9.088087,
w325a,w,a,325,1,0.255,1.46844,29.40627,0.030197,0.887989,-2.79265,0.001612,0.139657,0.000225,NA,NA,NA,NA,0.17102,0.019855,,18242.55,9.419955,
w325c,w,c,325,1,0.22,1.019525,10.45983,0.031906,0.333729,-2.37886,0.00418,0.126899,0.00053,NA,NA,NA,NA,NA,NA,,2502.578,68.6668,
w325h,w,h,325,1,1.12,1.543276,34.93622,0.033586,1.173385,-2.51202,0.003076,0.140895,0.000433,NA,NA,NA,NA,NA,NA,,11357.93,15.12987,
p329w,p,w,329,1,0.465,,NA,NA,NA,,NA,NA,0.009592,,,,,NA,NA,,,,
s331a,s,a,331,1,0.893,2.912117,816.8024,0.006588,5.380765,-2.36275,0.004338,0.026025,0.000113,NA,NA,NA,NA,NA,NA,,188305.8,0.91258,
k341a,k,a,341,1,0.916,3.019488,1045.894,0.016049,16.78583,-2.26311,0.005456,0.060731,0.000331,NA,NA,NA,NA,NA,NA,,191688.5,0.896475,
t352a,t,a,352,1,0.7,1.774623,59.51449,0.040426,2.405929,-1.84594,0.014258,0.123092,0.001755,NA,NA,NA,NA,NA,NA,,4174.133,41.16879,
e353a,e,a,353,1,0.56,,NA,NA,NA,,NA,NA,,1.963565,0.061018,0.119814,0.9614,NA,NA,,,,
n354a,n,a,354,1,0.342,0.469345,2.946763,0.035589,0.104873,-2.26882,0.005385,0.123813,0.000667,NA,NA,NA,NA,NA,NA,,547.2237,314.0288,
g355a,g,a,355,1,0.165,0.007623,1.017707,0.081756,0.083204,-2.22806,0.005915,0.278858,0.001649,NA,NA,NA,NA,NA,NA,high km err but OK,172.061,998.7388,
a356a,a,a,356,1,0.744,2.902969,799.7768,0.014688,11.74705,-2.15754,0.006958,0.052939,0.000368,NA,NA,NA,NA,NA,NA,,114950.3,1.494942,
a357a,a,a,357,1,1.924,2.842093,695.1725,0.026748,18.59476,-2.3839,0.004131,0.098212,0.000406,NA,NA,NA,NA,NA,NA,,168265.7,1.021266,
m358t,m,t,358,1,0.621,2.639636,436.1497,0.025558,11.14733,-2.31577,0.004833,0.098976,0.000478,NA,NA,NA,NA,NA,NA,,90240.51,1.904289,
h373r,h,r,373,1,1.193,2.849638,707.3555,0.012895,9.12157,-2.20024,0.006306,0.047422,0.000299,NA,NA,NA,NA,NA,NA,,112169.1,1.532008,
h379r,h,r,379,1,0.138,0.37545,2.373833,0.036499,0.086643,-2.20481,0.00624,0.13457,0.00084,NA,NA,NA,NA,NA,NA,,380.4199,451.7218,
w399c,w,c,399,1,0.847,0.43371,2.714627,0.046451,0.126097,-1.15285,0.070332,0.083693,0.005886,NA,NA,NA,NA,NA,NA,,38.59743,4452.213,
w399a,w,a,399,1,0.957,-0.62862,0.23517,0.051931,0.012213,-1.7786,0.01665,0.15165,0.002525,NA,NA,NA,NA,NA,NA,,14.12463,12166.26,
w399g,w,g,399,1,1.267,,NA,NA,NA,,NA,NA,3.67E-05,,,,,NA,NA,,,,
w399s,w,s,399,1,1.5,,NA,NA,NA,,NA,NA,0.018191,,,,,NA,NA,,,,
s400a,s,a,400,1,0.41,2.724834,530.6819,0.016771,8.900239,-2.49211,0.00322,0.069816,0.000225,NA,NA,NA,NA,NA,NA,,164795.1,1.042774,
d403a,d,a,403,0,ND,,ND,,ND,,ND,,ND,ND,,ND,ND,ND,ND,,,,
n404a,n,a,404,1,1.413,0.568776,3.704896,0.013207,0.048932,-2.02616,0.009415,0.044556,0.00042,NA,NA,NA,NA,NA,NA,,393.4964,436.7105,
f405a,f,a,405,0,ND,,ND,,ND,,ND,,ND,ND,,ND,ND,ND,ND,,,,
e406d,e,d,406,1,0.271,1.592207,39.10269,0.032071,1.254061,-1.46688,0.034129,0.075433,0.002574,NA,NA,NA,NA,NA,NA,,1145.744,149.9846,
e406a,e,a,406,1,0.567,,NA,NA,NA,,NA,NA,,4.638231,0.064262,0.298063,0.966644,NA,NA,,,,
n407a,n,a,407,1,1.125,1.694768,49.51855,0.019611,0.971121,-1.955,0.011092,0.05788,0.000642,NA,NA,NA,NA,NA,NA,,4464.484,38.49134,
w407a,w,a,407,1,0.125,1.057404,11.41311,0.042846,0.489004,-2.11875,0.007608,0.151546,0.001153,NA,NA,NA,NA,NA,NA,,1500.209,114.5467,
w407r,w,r,407,1,0.154,,NA,NA,NA,,NA,NA,0.198742,,,,,NA,NA,,,,
w407g,w,g,407,1,0.529,,NA,NA,NA,,NA,NA,8.09155,,,,,NA,NA,,,,
w407q,w,q,407,0,ND,,ND,,ND,,ND,,ND,ND,,ND,ND,ND,ND,,,,
a408a,a,a,408,1,0.804,3.166709,1467.942,0.018657,27.38704,-2.36124,0.004353,0.07366,0.000321,NA,NA,NA,NA,NA,NA,,337250.6,0.509544,
w409a,w,a,409,0,ND,,ND,,ND,,ND,,ND,ND,,ND,ND,ND,ND,,,,
k413a,k,a,413,1,1.108,2.921557,834.7512,0.039098,32.6367,-2.53459,0.00292,0.16542,0.000483,NA,NA,NA,NA,NA,NA,,285858,0.601152,
f415a,f,a,415,1,0.525,0.1214,1.322512,0.082247,0.108773,-1.7791,0.01663,0.240255,0.003996,NA,NA,NA,NA,NA,NA,,79.52361,2160.918,
e423s,e,s,423,1,1.079,2.809989,645.6374,0.018913,12.21121,-2.18025,0.006603,0.062991,0.000416,NA,NA,NA,NA,NA,NA,,97777.23,1.757505,
wt,,,,1,0.468,2.946584,884.2676,0.01047,9.258695,-2.28855,0.005146,0.040069,0.000206,NA,NA,NA,NA,NA,NA,,171844.4,0.999998,