sample,native,designed,seq,expr,yield,log(kcat),kcat,err1/kcat,err1,log(km),km,err2/km,err2,linear_slope,std_err/slope,std_err,R,ki,err6,note,kcat/km,wt eff/eff,
d403a,d,a,403,0,ND,,ND,,ND,,ND,,ND,ND,,ND,ND,ND,ND,,,,
e164a,e,a,164,1,0.42,-0.71827,0.191305,0.036126,0.006911,-2.99776,0.001005,0.168813,0.00017,NA,NA,NA,NA,NA,NA,,190.323,902.9073,
e177a,e,a,177,1,0.96,2.993958,986.184,0.010104,9.964381,-2.22301,0.005984,0.037549,0.000225,NA,NA,NA,NA,NA,NA,,164804,1.042717,
e222a,e,a,222,1,0.29,1.953658,89.87901,0.047451,4.264838,-3.20351,0.000626,0.247081,0.000155,NA,NA,NA,NA,0.095241,0.013695,,143604.4,1.196649,
e353a,e,a,353,1,0.56,,NA,NA,NA,,NA,NA,,1.963565,0.061018,0.119814,0.9614,NA,NA,,,,
e406a,e,a,406,1,0.567,,NA,NA,NA,,NA,NA,,4.638231,0.064262,0.298063,0.966644,NA,NA,,,,
e177l,e,l,177,1,0.765,2.82578,669.5459,0.015018,10.05508,-2.12594,0.007483,0.048646,0.000364,NA,NA,NA,NA,NA,NA,,89478.27,1.920511,
e222q,e,q,222,1,1.3,2.824539,667.6345,0.016881,11.27013,-1.91522,0.012156,0.053553,0.000651,NA,NA,NA,NA,NA,NA,,54923.38,3.128795,
e222y,e,y,222,1,0.7,1.069186,11.72697,0.065834,0.772031,-1.73443,0.018432,0.170427,0.003141,NA,NA,NA,NA,NA,NA,,636.2271,270.0985,
k341a,k,a,341,1,0.916,3.019488,1045.894,0.016049,16.78583,-2.26311,0.005456,0.060731,0.000331,NA,NA,NA,NA,NA,NA,,191688.5,0.896475,
k413a,k,a,413,1,1.108,2.921557,834.7512,0.039098,32.6367,-2.53459,0.00292,0.16542,0.000483,NA,NA,NA,NA,NA,NA,,285858,0.601152,
n163a,n,a,163,1,0.737,0.823628,6.662352,0.023854,0.158925,-1.9228,0.011945,0.076009,0.000908,NA,NA,NA,NA,NA,NA,,557.7349,308.1106,
n220a,n,a,220,1,0.615,2.607375,404.925,0.020163,8.164494,-1.9884,0.010271,0.066653,0.000685,NA,NA,NA,NA,0.149863,0.017562,,39425.3,4.358724,
n293a,n,a,293,1,0.682,1.103933,12.70379,0.014911,0.189422,-2.0144,0.009674,0.045499,0.00044,NA,NA,NA,NA,NA,NA,,1313.209,130.8581,
n354a,n,a,354,1,0.342,0.469345,2.946763,0.035589,0.104873,-2.26882,0.005385,0.123813,0.000667,NA,NA,NA,NA,NA,NA,,547.2237,314.0288,
n404a,n,a,404,1,1.413,0.568776,3.704896,0.013207,0.048932,-2.02616,0.009415,0.044556,0.00042,NA,NA,NA,NA,NA,NA,,393.4964,436.7105,
n407a,n,a,407,1,1.125,1.694768,49.51855,0.019611,0.971121,-1.955,0.011092,0.05788,0.000642,NA,NA,NA,NA,NA,NA,,4464.484,38.49134,
n163c,n,c,163,1,1.1,1.412302,25.84054,0.015583,0.402671,-2.26582,0.005422,0.059038,0.00032,NA,NA,NA,NA,NA,NA,,4765.654,36.05885,
n220h,n,h,220,1,1.118,2.088533,122.6119,0.010914,1.338147,-2.2894,0.005136,0.041781,0.000215,NA,NA,NA,NA,NA,NA,,23874.37,7.197844,
p329w,p,w,329,1,0.465,,NA,NA,NA,,NA,NA,0.009592,,,,,NA,NA,,,,
q19a,q,a,19,1,0.257,,NA,NA,NA,,NA,NA,,3.294158,0.067801,0.223347,0.954967,NA,NA,could go either way (linear or mm),,,#ERROR!
q19c,q,c,19,1,0.404,,NA,NA,NA,,NA,NA,1.11E+12,8.170925,0.086932,0.710315,0.928997,NA,NA,,,,
q284r,q,r,284,1,0.516,2.567938,369.7751,0.041561,15.36823,-2.01392,0.009684,0.139299,0.001349,NA,NA,NA,NA,NA,NA,,38182.22,4.500628,
q313r,q,r,313,1,1.442,2.838379,689.253,0.034723,23.9328,-2.44576,0.003583,0.141933,0.000509,NA,NA,NA,NA,NA,NA,,192372.6,0.893287,
q19s,q,s,19,1,0.431,,NA,NA,NA,,NA,NA,,5.444055,0.05093,0.277266,0.972633,NA,NA,,,,
r76a,r,a,76,1,0.103,0.41573,2.604533,0.06123,0.159476,-1.86859,0.013534,0.188991,0.002558,NA,NA,NA,NA,NA,NA,,192.4499,892.9285,
r240a,r,a,240,1,1.108,4.04181,11010.58,0.023467,258.3865,-1.71082,0.019461,0.059875,0.001165,NA,NA,NA,NA,NA,NA,,565763.4,0.303738,
r240d,r,d,240,1,0.8,2.450665,282.2702,0.013425,3.789486,-1.96585,0.010818,0.043831,0.000474,NA,NA,NA,NA,NA,NA,,26092.63,6.585921,
r240k,r,k,240,1,1.4,2.953428,898.3128,0.065346,58.70075,-1.75269,0.017673,0.187686,0.003317,NA,NA,NA,NA,NA,NA,"kcat OK, km is bad",50829.38,3.380801,
,,,,,,,,,,,,,,,,,,,,,,,
,,,,,,,,,,,,,,,,,,,,,,,
,,,,,,,,,,,,,,,,,,,,,,,
,,,,,,,,,,,,,,,,,,,,,,,
,,,,,,,,,,,,,,,,,,,,,,,
,,,,,,,,,,,,,,,,,,,,,,,
,,,,,,,,,,,,,,,,,,,,,,,
,,,,,,,,,,,,,,,,,,,,,,,
,,,,,,,,,,,,,,,,,,,,,,,
,,,,,,,,,,,,,,,,,,,,,,,